ひよこ,ぴよぴよ,1413367546
ひよこ,ぴよぴよ,1413367604
エイプ,あああ,1413375616
Caeser,"""ape shall never kill ape""",1413376304
ape,,1413457371
YODA,"""May force be with you""",1413460949
YODA,"""May force be with you""",1413460982
YODA,"""May force be with you""",1413461006
YODA,"""May force be with you""",1413461035
YODA,"""May force be with you""",1413461185
YODA,"""May force be with you""",1413462201
YODA,"""May force be with you""",1413464463
aaa,bbb,1413464510
abc,def,1413973801
a,"				",1413982152
a,"						",1413982174
a,b,1413982262
s.k,"				",1413982543
aaa,ccc,1413982897
